{
  "min_cost": 0.14995999999999998,
  "min_plane_velocity": 63.49206349206349,
  "min_drop_velocity": 10.714285714285714,
  "max_cost": 0.92996,
  "max_plane_velocity": 27.77777777777778,
  "max_drop_velocity": 0.0,
  "cost_range": 0.78
}