{
  "seed": 144,
  "best_lam": [
    83.68327243794364,
    0.0,
    221.67256199738455,
    -15.95458780176869,
    0.003708453590272911,
    0.15536147222664265,
    0.01654906000193559,
    0.6379956048024442,
    8.915677771763841,
    92.67456197612319,
    36.62883803945472,
    1460.9859134791882
  ],
  "best_cost": 0.18741793172278529,
  "hit_fraction": 0.8043478260869565,
  "hit_count": 37,
  "total_particles_released": 46,
  "landed_particles": 46,
  "generations_completed": 20,
  "final_generation_best_cost": 0.18741793172278529,
  "final_generation_average_cost": 0.5070166953323929,
  "final_generation_parents_average_cost": 0.20376177236454548
}