{
  "min_cost": 0.07002662737495918,
  "min_plane_velocity": 67.46031746031746,
  "min_drop_velocity": 0.0,
  "max_cost": 0.9113309752010462,
  "max_plane_velocity": 27.77777777777778,
  "max_drop_velocity": 0.0,
  "cost_range": 0.8413043478260871
}